param,index,analytic,numerical,rel_error
W1,"(316, 130)",3.933722056577e-02,3.933722052984e-02,4.566865e-10
W1,"(4, 4)",-6.608485399352e-03,-6.608485398907e-03,3.367073e-11
W1,"(6, 19)",1.345218072933e-02,1.345218072268e-02,2.469001e-10
W1,"(412, 157)",3.705396773399e-02,3.705396769638e-02,5.074859e-10
W1,"(201, 155)",8.132743877293e-03,8.132743876121e-03,7.201707e-11
W1,"(599, 155)",9.434564253263e-04,9.434564240962e-04,6.519183e-10
W1,"(361, 117)",-3.243753372432e-04,-3.243753354809e-04,2.716442e-09
W1,"(631, 235)",2.439821547761e-03,2.439821549238e-03,3.028410e-10
W1,"(297, 235)",-3.062566698665e-03,-3.062566700240e-03,2.571356e-10
W1,"(744, 157)",-3.338178950703e-02,-3.338178951262e-02,8.377028e-11
W1,"(658, 157)",3.030449177538e-02,3.030449173380e-02,6.860402e-10
W1,"(551, 157)",1.128771042891e-02,1.128771043524e-02,2.802920e-10
W1,"(686, 117)",1.414411435935e-02,1.414411435308e-02,2.218500e-10
W1,"(453, 19)",8.751995328226e-04,8.751995372869e-04,2.550412e-09
W1,"(662, 177)",-2.172721944034e-02,-2.172721941696e-02,5.382271e-10
W1,"(294, 139)",-1.087272073762e-02,-1.087272071931e-02,8.419257e-10
W1,"(331, 109)",5.621212230089e-02,5.621212227469e-02,2.330017e-10
W1,"(563, 136)",-7.855554144097e-03,-7.855554144953e-03,5.448657e-11
W1,"(57, 215)",5.078121510770e-03,5.078121516622e-03,5.761951e-10
W1,"(416, 233)",-2.356728618276e-03,-2.356728612263e-03,1.275723e-09
b1,"(4,)",8.158864999004e-03,8.158864999164e-03,9.819561e-12
b1,"(13,)",2.232292361202e-02,2.232292360516e-02,1.537985e-10
b1,"(19,)",-1.720126831914e-02,-1.720126830751e-02,3.380574e-10
b1,"(39,)",4.040147420361e-03,4.040147416617e-03,4.632684e-10
b1,"(56,)",-1.774177149789e-02,-1.774177149194e-02,1.675321e-10
b1,"(65,)",3.237590735771e-02,3.237590734173e-02,2.467149e-10
b1,"(109,)",4.889844745536e-02,4.889844741562e-02,4.063603e-10
b1,"(117,)",1.241396594285e-02,1.241396593743e-02,2.184973e-10
b1,"(130,)",3.617012401245e-02,3.617012398260e-02,4.125995e-10
b1,"(136,)",-6.082579262376e-03,-6.082579262490e-03,9.382785e-12
b1,"(139,)",-7.970610425030e-04,-7.970610349517e-04,4.736972e-09
b1,"(145,)",-8.480714334380e-04,-8.480714308590e-04,1.520555e-09
b1,"(155,)",1.225852530533e-04,1.225852530595e-04,2.523472e-11
b1,"(157,)",-2.572826775624e-03,-2.572826800495e-03,4.833490e-09
b1,"(177,)",-3.135818522505e-02,-3.135818521294e-02,1.931614e-10
b1,"(187,)",-1.016187326340e-02,-1.016187326286e-02,2.645324e-11
b1,"(189,)",7.237515610666e-02,7.237515606384e-02,2.958362e-10
b1,"(215,)",-6.269471043845e-03,-6.269471051201e-03,5.866959e-10
b1,"(233,)",2.409386456133e-02,2.409386453017e-02,6.466789e-10
b1,"(235,)",-4.815419956271e-03,-4.815419956117e-03,1.603957e-11
W2,"(117, 6)",-2.996728065397e-02,-2.996728061255e-02,6.910818e-10
W2,"(145, 2)",2.423366623303e-03,2.423366636251e-03,2.671477e-09
W2,"(109, 7)",5.846606008111e-02,5.846606035975e-02,2.382963e-09
W2,"(145, 5)",-1.967332117380e-02,-1.967332113662e-02,9.450994e-10
W2,"(109, 7)",5.846606008111e-02,5.846606035975e-02,2.382963e-09
W2,"(117, 3)",1.188060769847e-02,1.188060770874e-02,4.322578e-10
W2,"(215, 2)",-4.562506166969e-02,-4.562506162209e-02,5.216676e-10
W2,"(56, 7)",2.605191803220e-02,2.605191814720e-02,2.207081e-09
W2,"(155, 0)",2.012929178967e-02,2.012929183337e-02,1.085580e-09
W2,"(13, 3)",1.759180209147e-02,1.759180211280e-02,6.063862e-10
W2,"(189, 4)",1.165941637253e+00,1.165941634051e+00,1.372830e-09
W2,"(187, 3)",-1.388516032184e-02,-1.388516029710e-02,8.908454e-10
W2,"(56, 7)",2.605191803220e-02,2.605191814720e-02,2.207081e-09
W2,"(215, 0)",-5.588905671162e-03,-5.588905604981e-03,5.920758e-09
W2,"(13, 6)",-1.916591174171e-02,-1.916591171547e-02,6.846156e-10
W2,"(109, 5)",5.874787627659e-02,5.874787648796e-02,1.798948e-09
W2,"(39, 8)",-2.077261680626e-02,-2.077261676892e-02,8.989042e-10
W2,"(136, 8)",-1.105086120586e-01,-1.105086118436e-01,9.730520e-10
W2,"(187, 7)",2.913919504838e-02,2.913919507019e-02,3.743060e-10
W2,"(56, 7)",2.605191803220e-02,2.605191814720e-02,2.207081e-09
b2,"(0,)",-2.456450704174e-02,-2.456450698629e-02,1.128642e-09
b2,"(1,)",-1.157145377771e-01,-1.157145377384e-01,1.671025e-10
b2,"(2,)",-6.497937026117e-02,-6.497937012906e-02,1.016568e-09
b2,"(3,)",-6.930771321811e-03,-6.930771259128e-03,4.522044e-09
b2,"(4,)",4.274076716597e-01,4.274076714506e-01,2.446811e-10
b2,"(5,)",6.966259232266e-02,6.966259240793e-02,6.119729e-10
b2,"(6,)",-9.213398672429e-02,-9.213398662888e-02,5.177737e-10
b2,"(7,)",-1.582256074742e-03,-1.582256001775e-03,2.305779e-08
b2,"(8,)",-9.342251422193e-02,-9.342251412470e-02,5.203689e-10
b2,"(9,)",-9.774232055962e-02,-9.774232049953e-02,3.074025e-10

summary,max_rel_error,,,
W1,2.716442e-09,,,
b1,4.833490e-09,,,
W2,5.920758e-09,,,
b2,2.305779e-08,,,
overall,2.305779e-08,,,
